"sample","i200_position","iam_position","ci_reference"
"0%/1",22.2,17.6,56.862622987284
"0%/1",22.2,17.8,60.5070842329042
"0%/1",22.2,18,62.287630166433
"0%/1",22.2,18.2,64.5245687558133
"0%/1",22.2,18.4,65.9087640523749
"0%/1",22.4,17.6,62.3061224448071
"0%/1",22.4,17.8,65.4906896452319
"0%/1",22.4,18,67.0465487411627
"0%/1",22.4,18.2,69.0012083687458
"0%/1",22.4,18.4,70.2107322581025
"0%/1",22.6,17.6,67.0432297067216
"0%/1",22.6,17.8,69.827582405757
"0%/1",22.6,18,71.1879118321531
"0%/1",22.6,18.2,72.896923282447
"0%/1",22.6,18.4,73.954442528839
"0%/1",22.8,17.6,68.9156624271562
"0%/1",22.8,17.8,71.5418226500323
"0%/1",22.8,18,72.8248652153104
"0%/1",22.8,18.2,74.4367795007228
"0%/1",22.8,18.4,75.4342159895566
"0%/1",23,17.6,69.5993871521813
"0%/1",23,17.8,72.1677828924768
"0%/1",23,18,73.42260391618
"0%/1",23,18.2,74.9990628649948
"0%/1",23,18.4,75.974559945036
"50%/1",22.2,17.6,61.8165766788489
"50%/1",22.2,17.8,62.8367739597552
"50%/1",22.2,18,65.4259622305575
"50%/1",22.2,18.2,64.0444052213464
"50%/1",22.2,18.4,64.7374993256114
"50%/1",22.4,17.6,64.5828592425264
"50%/1",22.4,17.8,65.5291460747559
"50%/1",22.4,18,67.9307548740331
"50%/1",22.4,18.2,66.6492878183383
"50%/1",22.4,18.4,67.2921691871057
"50%/1",22.6,17.6,66.0266837703405
"50%/1",22.6,17.8,66.9343940232782
"50%/1",22.6,18,69.238098203028
"50%/1",22.6,18.2,68.0088717722687
"50%/1",22.6,18.4,68.6255452691173
"50%/1",22.8,17.6,66.5619496848396
"50%/1",22.8,17.8,67.4553585267712
"50%/1",22.8,18,69.7227667407055
"50%/1",22.8,18.2,68.5129073627573
"50%/1",22.8,18.4,69.1198648724763
"50%/1",23,17.6,65.407943863125
"50%/1",23,17.8,66.3321858127002
"50%/1",23,18,68.6778462648608
"50%/1",23,18.2,67.4262325156963
"50%/1",23,18.4,68.0541371946775
"100%/1",22.2,17.6,63.5121824322985
"100%/1",22.2,17.8,63.2355829884243
"100%/1",22.2,18,61.8440455582749
"100%/1",22.2,18.2,60.8937050273811
"100%/1",22.2,18.4,58.7786304559788
"100%/1",22.4,17.6,61.9074734194286
"100%/1",22.4,17.8,61.6187093230723
"100%/1",22.4,18,60.1659730379417
"100%/1",22.4,18.2,59.1738371869417
"100%/1",22.4,18.4,56.9657430968652
"100%/1",22.6,17.6,58.8460925425573
"100%/1",22.6,17.8,58.5341213512176
"100%/1",22.6,18,56.9646330550848
"100%/1",22.6,18.2,55.8927622535798
"100%/1",22.6,18.4,53.5072103357219
"100%/1",22.8,17.6,54.2786661835082
"100%/1",22.8,17.8,53.9320711731772
"100%/1",22.8,18,52.1883947462724
"100%/1",22.8,18.2,50.9975634072449
"100%/1",22.8,18.4,48.347253331932
"100%/1",23,17.6,48.5024579862176
"100%/1",23,17.8,48.1120758688033
"100%/1",23,18,46.1481119474231
"100%/1",23,18.2,44.8068368402919
"100%/1",23,18.4,41.8216996393351
